,JobID,Title,Job_Type,Company,Salary,Schedule,Location,Date_Posted,Current_Date,Details,Apply_link
0,NY14072023FRI001,FOOD SERVER ASSISTANT (BUSSER),Full-time,Park Hyatt New York,$17.29 - $23.06 an hour,,"New York, NY 10019 (Midtown area)",Just posted,23-07-14,The Food Server Assistant is responsible primarily for assisting the Food Server in serving the guest. This person must have good communication skills as well…,https://www.indeed.com//rc/clk?jk=923ac23a84cb1314&fccid=b385273868d506a9&vjs=3
1,NY14072023FRI002,Wait Staff Non-Tipped,Full-time,SodexoMagic,$18 an hour,,"Flushing, NY 11371",Just posted,23-07-14,"Access to ongoing training and development programs. Full array of benefits including paid time off, holidays, medical, dental, vision, tuition reimbursement,…",https://www.indeed.com//rc/clk?jk=094585ff819afbce&fccid=272c1d1b584def7a&vjs=3
2,NY14072023FRI003,"EXECUTIVE CHEF - FISD - MORRISTOWN, NJ",Full-time,Flik Hospitality Group,"$75,000 - $82,000 a year",,"Morristown, NJ 07960",Just posted,23-07-14,We go above and beyond foodservice by offering nutrition education programs that empower students to make healthy choices on a daily basis.,https://www.indeed.com//rc/clk?jk=99abe5856d03c2f9&fccid=cf3d86ebc9d052e2&vjs=3
3,NY14072023FRI004,Line Cook,Full-time,Constellation,$18 - $21 an hour,,"Long Island City, NY 11101",Just posted,23-07-14,"Following safe food handling policies, procedures and recipes. Ability to use various kitchen equipment and tools as well as identify and differentiate food…",https://www.indeed.com//rc/clk?jk=1f043c83b4390925&fccid=c55f4ad42cee2cd3&vjs=3
4,NY14072023FRI005,Prep Cook,Full-time,Chili's,Estimated $27K - $34.2K a year,,"Little Falls, NJ 07424",Just posted,23-07-14,Flexible part-time or full-time schedule. Properly execute all recipe procedures. Prepare a variety of foods with different methods of preparation.,https://www.indeed.com//rc/clk?jk=c177edcb3b214162&fccid=69887a18edd6f1e2&vjs=3
5,NY14072023FRI006,Team Member,"Full-time, Part-time",CAVA,$15.75 an hour,,"New York, NY 10036",Just posted,23-07-14,Enthusiastically educate guests about our menu and assemble orders as requested. Ability to cross train across the restaurant to ensure rapid growth.,https://www.indeed.com//rc/clk?jk=390c5af3465c4d8b&fccid=9195c15926c7541c&vjs=3
6,NY14072023FRI007,Prep Crew,Part-time,CAVA,$15.25 an hour,,"New York, NY 10036",Just posted,23-07-14,"From greeting guests with genuine passion to preparing top quality food in our open kitchens, our prep crew helps create CAVA fanatics.",https://www.indeed.com//rc/clk?jk=ac3a5fb00e0a9cbe&fccid=9195c15926c7541c&vjs=3
7,NY14072023FRI008,Fine Dining Server,"Full-time, Part-time",Casa Lever,Estimated $28.2K - $35.7K a year,,"New York, NY 10022 (Midtown area)",Just posted,23-07-14,Our ideal candidate should be a trained professional who can effectively sell our menu to guests rather than simply taking their orders.,https://www.indeed.com//rc/clk?jk=f8a2eee44b8f189c&fccid=35997f7d230d898a&vjs=3
8,NY14072023FRI009,Guest Relations Manager - Conrad New York Midtown,,Hilton,$33.65 an hour,,"New York, NY 10019 (Midtown area)",Just posted,23-07-14,"Go Hilton travel discount program. Employee stock purchase program (ESPP) - purchase Hilton shares at 15% discount. Recruit, interview and train team members.",https://www.indeed.com//rc/clk?jk=7bf94db4924602e3&fccid=6f47211b0637a52d&vjs=3
9,NY14072023FRI010,Guest Experience Manager,"Full-time, Part-time",CAVA,$18.50 an hour,,"New York, NY 10036",Just posted,23-07-14,"They motivate and lead team members, uphold standards in the kitchen and dining room, and ensure a safe, positive environment for guests and the team.",https://www.indeed.com//rc/clk?jk=d8ae4c842d779b1c&fccid=9195c15926c7541c&vjs=3
10,NY14072023FRI011,Cook (Temporary) - Millennium Hilton New York One UN Plaza,,Hilton,$29.86 - $39.82 an hour,Temporary,"New York, NY 10017 (Midtown area)",Just posted,23-07-14,A Cafeteria Cook is responsible for preparing and cooking all food items for the team member cafeteria in accordance with recipes and established standards in…,https://www.indeed.com//rc/clk?jk=6067f1ff4f3a7449&fccid=6f47211b0637a52d&vjs=3
11,NY14072023FRI012,Grill Cook,"Full-time, Part-time",CAVA,$16.50 an hour,,"New York, NY 10036",Just posted,23-07-14,Ability to cross train across the restaurant to ensure rapid growth. This role is constantly in motion to deliver mind-blowing meals to our guests.,https://www.indeed.com//rc/clk?jk=a0b7c5f8706e2199&fccid=9195c15926c7541c&vjs=3
12,NY14072023FRI013,Bartender,Part-time,SpringHill Suites by Marriott New York JFK...,,Weekends as needed+1,"Jamaica, NY 11435",Just posted,23-07-14,"Serve beverages and/or food in a friendly, courteous and timely manner, achieving a high level of guest satisfaction. Assist with taking beverage inventory.",https://www.indeed.com//rc/clk?jk=f7500183e2656298&fccid=dd616958bd9ddc12&vjs=3
13,NY14072023FRI014,Team Manager,Full-time,Panera Bread,,Weekends as needed,"Bronx, NY 10475 (Country Club area)",Just posted,23-07-14,"2+year(s) of recent restaurant management experience. Coach and motivate your team to exceed your bakery-cafes goals for sales, speed of service, order accuracy…",https://www.indeed.com//rc/clk?jk=68563604b4caa94a&fccid=8a41742676bdca47&vjs=3
14,NY14072023FRI015,Lead Cook,Full-time,Nutrition Management Services Company,Estimated $36.3K - $45.9K a year,,"New York, NY 10036",Just posted,23-07-14,"Maintain clean kitchen area, properly store food, and preparation for next day service. *Potential to be cross trained into other roles within an operating…",https://www.indeed.com//rc/clk?jk=87128374f293cf12&fccid=a6db58176b6ce330&vjs=3
15,NY14072023FRI1001,Food service Director,Full-time,Morristown Post Acute Rehabilitation & Nursing,,Overtime,"Morristown, NJ 07960",Just posted,23-07-14,Ensure the use of standardized recipes in food preparation. Supervise ordering of all food and kitchen supplies in appropriate quantities based upon the menu…,https://www.indeed.com//rc/clk?jk=e42abed052a96b23&fccid=45c4a57fb46550ef&vjs=3
16,NY14072023FRI1002,Casual Dining Host,"Full-time, Part-time",TGI Friday's,$11 - $18 an hour,,"Old Bridge, NJ 08857",Just posted,23-07-14,"Manages the flow of guests into the dining and bar areas, provides accurate wait times to incoming guests if appropriate. Must invite guests back for more fun!",https://www.indeed.com//rc/clk?jk=320ab40a661c2b80&fccid=458b1d07e29f4a04&vjs=3
17,NY14072023FRI1003,Assistant General Manager,Full-time,Panera Bread,,Weekends as needed,"Bronx, NY 10475 (Country Club area)",Just posted,23-07-14,"Manage team performance to ensure your cafes goals and quality standards are met, while ensuring extraordinary customer service. . At least 18 years of age.",https://www.indeed.com//rc/clk?jk=624ef85eac32c17d&fccid=8a41742676bdca47&vjs=3
18,NY14072023FRI1004,Assistant Manager,"Full-time, Part-time",Dunkin' | Southpaw,Estimated $30.1K - $38.1K a year,,"Hackensack, NJ 07601",Just posted,23-07-14,"The Assistant Manager will be responsible for directing the overall operation of the restaurant, from hiring and overseeing a team of employees that deliver…",https://www.indeed.com//rc/clk?jk=c3cdc377b0eb80bc&fccid=dd616958bd9ddc12&vjs=3
19,NY14072023FRI1005,RUNNER (PART-TIME),Part-time,Restaurant Associates,$17.50 an hour,,"New York, NY 10013 (SoHo area)",Today,23-07-14,"Delivers food to restaurant/dining room patrons/customers. Summary: Delivers food to restaurant/dining room patrons in a timely, professional, and efficient…",https://www.indeed.com//rc/clk?jk=a547ce04ea4ccf4f&fccid=91aa196c1ad16459&vjs=3
20,NY14072023FRI1006,Cashier Part Time,Part-time,Lowe's,$16.00 - $19.20 an hour,,"Staten Island, NY 10303 (Mariners Harbor area)",Today,23-07-14,"We are immediately hiring for Cashier Part-Time associates, and bilingual applicants are encouraged to apply. A 10% discount on everything at Lowe’s.",https://www.indeed.com//rc/clk?jk=f52afef1199fe5be&fccid=402f23c7b01ca527&vjs=3
21,NY14072023FRI1007,Server,Full-time,One White Street,,Weekends as needed+1,"New York, NY",Today,23-07-14,Take orders from guests and ensuring accuracy when entering into the POS. Servers are responsible for creating memorable experiences for our guests by working…,https://www.indeed.com//rc/clk?jk=09799fbc76c2a4ee&fccid=cbe519520b61c261&vjs=3
22,NY14072023FRI1008,Host,Full-time,One White Street,,Weekends as needed+1,"New York, NY",Today,23-07-14,"Provide a friendly and caring experience for every guest that comes into the restaurant, upholding the restaurant’s hospitality standards.",https://www.indeed.com//rc/clk?jk=29d6fdbcc2dc32e3&fccid=cbe519520b61c261&vjs=3
23,NY14072023FRI1009,Restaurant Manager,,Bubba Gump New York,"$60,000 - $75,000 a year",,"New York, NY 10036 (Midtown area)",Today,23-07-14,"Inspects establishment and observes workers and guests to ensure compliance with occupational, health, and safety standards and liquor regulations.",https://www.indeed.com//rc/clk?jk=79e25350e84f98c7&fccid=763a4c8ac14fec58&vjs=3
24,NY14072023FRI1010,CULINARY SUPERVISOR - JACOB K. JAVITS CONVENTION CENTER,Full-time,Levy,$22 - $25 an hour,,"New York, NY 10001 (Hell's Kitchen area)",Today,23-07-14,"Uses approved food recipes and production standards to ensure proper quality, serving temperatures and standard portion control.",https://www.indeed.com//rc/clk?jk=d0fd7c80fe3147fc&fccid=25e1ca6aa64d757a&vjs=3
25,NY14072023FRI1011,SENIOR COOK (FULL-TIME),Full-time,Restaurant Associates,,Monday to Friday,"New York, NY 10285 (Battery Park area)",Today,23-07-14,Prepares various entrees and menu items following established recipes. We have an opening for full-time SENIOR COOK positions. Message and data rates may apply.,https://www.indeed.com//rc/clk?jk=6ce49dc65626ef57&fccid=91aa196c1ad16459&vjs=3
26,NY14072023FRI1012,Steward,Full-time,Hotel AKA Nomad,,Weekends as needed,"New York, NY",Today,23-07-14,"As a Steward, you will hold a crucial role in maintaining cleanliness, supporting kitchen operations, and contributing to a safe and efficient work environment…",https://www.indeed.com//rc/clk?jk=20f4eb4bf5b21dfe&fccid=bbe624913586d366&vjs=3
27,NY14072023FRI1013,Bar Manager,Full-time,Hotel AKA Nomad,"$63,000 - $67,000 a year",,"New York, NY",Today,23-07-14,"Knowledge of hotel operations, including security and safety programs, personnel and labor relations, repairs, maintenance, quality assurance programs,…",https://www.indeed.com//rc/clk?jk=13ae4b5aebea7ab6&fccid=bbe624913586d366&vjs=3
28,NY14072023FRI1014,Floor Manager,Full-time,Oscar Wilde,"$70,000 a year",,"New York, NY 10001 (NoMad area)",Today,23-07-14,"Build and maintain a high-performance team and be involved with the hiring process. Assist profit & loss, by following cash control/security procedures,…",https://www.indeed.com//rc/clk?jk=415ebbca72ea246e&fccid=c6813c56a4a6a3c8&vjs=3
29,NY14072023FRI1015,Dining Room Manager,Full-time,Eleven Madison Park,"$72,000 - $75,000 a year",,"New York, NY 10010 (NoMad area)",Today,23-07-14,"Oversee all aspects of service, including those in the dining room, bar, and private dining rooms. Uphold all standards of the restaurant, service, appearance,…",https://www.indeed.com//rc/clk?jk=86db356d87e23689&fccid=bba47ed97ba0b3ac&vjs=3
30,NY14072023FRI2001,Bartender,,Springhill Suites New York JFK Airport/Jamaica,$17 - $19 an hour,Weekends as needed+1,"Jamaica, NY 11435",Today,23-07-14,"Serve beverages and/or food in a friendly, courteous and timely manner, achieving a high level of guest satisfaction. Assist with taking beverage inventory.",https://www.indeed.com//rc/clk?jk=59491690cd100c2f&fccid=fb25551aaab49292&vjs=3
31,NY14072023FRI2002,Private Dining Room Manager,Full-time,Per Se,"$60,000 - $65,000 a year",,"New York, NY",Today,23-07-14,"Company sponsored medical and dental plans with a contribution of 55%-88% of your premium*. Voluntary plans such as vision, life insurance, accident, short- and…",https://www.indeed.com//rc/clk?jk=8e1b12767bb35144&fccid=1e28bf83b0d65ad3&vjs=3
32,NY14072023FRI2003,"SUPERVISOR, COOK-HRLY (FULL-TIME)",Full-time,Chartwells Higher Education,$24 an hour,,"New York, NY 10003 (Greenwich Village area)",Today,23-07-14,"We are hiring immediately for a SUPERVISOR, COOK-HRLY (FULL-TIME) position. Uses approved food recipes and production standards to ensure proper quality,…",https://www.indeed.com//rc/clk?jk=3cdecda1bf23b69c&fccid=15e1104d96328945&vjs=3
33,NY14072023FRI2004,Cafe' Host,,LEGOLAND Discovery Center,$16.50 an hour,Weekends as needed+1,"East Rutherford, NJ",Today,23-07-14,"As a Cafe Host, you will help to create lifelong memorable experiences in our attraction for our guests by delivering the highest possible standards of guest…",https://www.indeed.com//rc/clk?jk=cc46d1cfaa12234e&fccid=9d04e1c804d9116a&vjs=3
34,NY14072023FRI2005,Line Cook,Full-time,Malibu Farm,,Weekends as needed+1,"New York, NY",Today,23-07-14,"Prepare and produce a variety of high-quality dishes as per guest orders, while following approved recipes & specifications in an accurate and timely manner.",https://www.indeed.com//rc/clk?jk=11c0f605781d97b5&fccid=7613de2613c1c15b&vjs=3
35,NY14072023FRI2006,Line Cook,Full-time,Hotel AKA Nomad,,Weekends as needed+1,"New York, NY",Today,23-07-14,"Display a keen eye for detail, ensuring that each dish is visually appealing and meets quality standards. Collaborate closely with our experienced culinary team…",https://www.indeed.com//rc/clk?jk=f2839ed03b50a039&fccid=bbe624913586d366&vjs=3
36,NY14072023FRI2007,DISHWASHER (FULL-TIME),Full-time,Morrison Living,$15 an hour,,"Livingston, NJ 07039",Today,23-07-14,"Morrison Living is hiring immediately for full-time DISHWASHER positions. Summary: Maintains dishes, pots, pans, trays, kitchen, work areas, equipment and…",https://www.indeed.com//rc/clk?jk=bab5f6e258c2831d&fccid=fe05c30528a801a2&vjs=3
37,NY14072023FRI2008,Dishwasher,"Full-time, Part-time","First Watch Restaurants, Inc.",,No nights,"Union, NJ 07083",Today,23-07-14,"Are responsible for keeping the dish area organized, clean, sanitized & running smoothly. Complimentary premium access to the Calm App, plus 5 gift…",https://www.indeed.com//rc/clk?jk=db46f070e64072fb&fccid=94f7d1070a3620e5&vjs=3
38,NY14072023FRI2009,"SENIOR CATERING DIRECTOR - Gourmet Dining - Hoboken, NJ",Full-time,Gourmet Dining,,,"Englewood, NJ 07631",Today,23-07-14,"You will be responsible for managing the catering department, overseeing all internal and external catering for the account, managing client relationships,…",https://www.indeed.com//rc/clk?jk=9aae7919d08c0daa&fccid=c061936addde7eb3&vjs=3
39,NY14072023FRI2010,COOK (FULL-TIME),Full-time,Morrison Living,$18 an hour,,"Livingston, NJ 07039",Today,23-07-14,"Morrison Living is hiring immediately for full-time COOK positions. Serves meals or prepares for delivery by using correct portioning, meeting outlined…",https://www.indeed.com//rc/clk?jk=425cf95ddd8bbe62&fccid=fe05c30528a801a2&vjs=3
40,NY14072023FRI2011,Sous Chef,Full-time,Oscar Wilde,"$70,000 - $75,000 a year",,"New York, NY 10001 (NoMad area)",Today,23-07-14,"Un enfoque profesional y refinado del liderazgo. Debe poder realizar pedidos y poder hacer inventario. This role directs, implements and maintains the culinary…",https://www.indeed.com//rc/clk?jk=ac1169d1a4b48e11&fccid=c6813c56a4a6a3c8&vjs=3
41,NY14072023FRI2012,Pastry Cook,Full-time,Dominique Ansel Bakery,,Weekends as needed+1,"New York, NY 10012 (SoHo area)",Today,23-07-14,"Sociable and friendly to staff and guests. Attend certain outside events and programs. Daily production for all dessert items, including but not limited to…",https://www.indeed.com//rc/clk?jk=f515b98bbd9ea585&fccid=3b7001bdf91fcebb&vjs=3
42,NY14072023FRI2013,Line Cook,Full-time,Chili's,Estimated $27.7K - $35K a year,,"Clark, NJ 07066",Today,23-07-14,Keep food orders flowing continuously from the kitchen. Flexible part-time or full-time schedule. Properly learn and execute all of our recipe procedures.,https://www.indeed.com//rc/clk?jk=ead8ee0080fed7d1&fccid=69887a18edd6f1e2&vjs=3
43,NY14072023FRI2014,Host,"Full-time, Part-time",STK,$18 - $21 an hour,,"New York, NY 10036 (Midtown area)",Today,23-07-14,"Assist other FOH staff to perform setting up restaurant, cleaning restaurant, bussing tables, running food, taking food orders, making cocktails, serving guests…",https://www.indeed.com//rc/clk?jk=09f8d6d45a126631&fccid=2c14915b94fda553&vjs=3
44,NY14072023FRI2015,Bartender,,Red Lobster,,,"Wayne, NJ 07470",Today,23-07-14,"Responsibilities will include following recipes, upholding company specifications and standards, and keeping the bar stocked and clean.",https://www.indeed.com//rc/clk?jk=5b46a6754f1b1c3b&fccid=c697f86eb78b9040&vjs=3
45,NY14072023FRI3001,Busser,"Full-time, Part-time",Lucciola Italian Restaurant,,Day shift+6,"New York, NY 10024 (Upper West Side area)",Today,23-07-14,"Assist in setting up and clearing tables, ensuring a clean and organized dining environment. Collaborate with servers and kitchen staff to ensure a seamless and…",https://www.indeed.com//company/Piccolo-Cafe/jobs/Busser-4a6c31c2b4fe4ca9?fccid=693af667943a8eed&vjs=3
46,NY14072023FRI3002,Host/Hostess,Full-time,Sushi Tokyo Inc,$20 - $35 an hour,,"Brooklyn, NY 11223 (Gravesend-Sheepshead Bay area)",Today,23-07-14,"Seat guests at their tables, taking into consideration server availability and guest needs. In this role, you will welcome guests, lead them to their seats, and…",https://www.indeed.com//rc/clk?jk=8fa3f4552f81837d&fccid=5ec9b8001f5404bf&vjs=3
47,NY14072023FRI3003,Part Time Server for FINE DINING Restaurant,"Full-time, Part-time",Lucciola Italian Restaurant,,Monday to Friday+8,"New York, NY 10024 (Upper West Side area)",Today,23-07-14,Ability to thrive in a fast-paced and high-pressure environment. Recommend food and beverage pairings and assist guests in making informed choices.,https://www.indeed.com//company/Piccolo-Cafe/jobs/Fine-Dining-Server-0fe8346bcb41e83b?fccid=693af667943a8eed&vjs=3
48,NY14072023FRI3004,Host/Hostess,"Full-time, Part-time",DOMA Land + Sea,,Monday to Friday+5,"Cedarhurst, NY 11516",Today,23-07-14,"The host is expected to greet and seat our guests, whereas the maître d is expected to be able to secure and manage reservations.",https://www.indeed.com//rc/clk?cmp=DOMA-Land-%2B-Sea&ti=Host%2Fhostess&jk=42f88c65c5d1f087&fccid=220d735243a7ec86&vjs=3
49,NY14072023FRI3005,IRD Order Taker (Temporary) - Conrad New York Downtown,Full-time,Hilton,Estimated $41.5K - $52.5K a year,,"New York, NY 10282 (Battery Park area)",Today,23-07-14,"Answer Room Service telephones and respond to guest requests in a timely, friendly and efficient manner. An Order Taker is responsible for answering telephones…",https://www.indeed.com//rc/clk?jk=dc7c9915179ff2d7&fccid=6f47211b0637a52d&vjs=3
50,NY14072023FRI3006,"Server - Brooklyn, NY",Full-time,Sushi Tokyo Inc,$20 - $45 an hour,,"Brooklyn, NY 11223 (Gravesend-Sheepshead Bay area)",Today,23-07-14,"Provide accurate orders to the kitchen staff. You will build rapport with customers, answer questions about the menu, take orders, and serve food and drinks.",https://www.indeed.com//rc/clk?jk=375a7aff93569293&fccid=5ec9b8001f5404bf&vjs=3
51,NY14072023FRI3007,Food and Beverage Supervisor,Full-time,1 Hotel Brooklyn Bridge,$29 an hour,,"Brooklyn, NY 11201",Today,23-07-14,"That means hiring leaders for our Food & Beverage team who have shown themselves to be the very best in their fields, inspiring staff on the daily and leading…",https://www.indeed.com//rc/clk?jk=ee7acf1ff07ec07a&fccid=41b64527088c8a8e&vjs=3
52,NY14072023FRI3008,Server Assistant (Earn up to $800/wk),Full-time,Au Cheval NYC,,Weekends as needed+2,"New York, NY 11203 (East Flatbush area)",Today,23-07-14,"Ofrecemos un conjunto completo de beneficios y ventajas, que incluyen beneficios médicos, dentales, oftalmológicos, de vida, 401(k), beneficios de viajero y…",https://www.indeed.com//rc/clk?jk=ffe1a20f22e07da1&fccid=0bcd0070b6db60a7&vjs=3
53,NY14072023FRI3009,Busperson - Conrad New York Downtown,,Hilton,Estimated $39.4K - $49.8K a year,,"New York, NY 10282 (Battery Park area)",Today,23-07-14,"Respond to guest inquiries and requests and resolve issues in a timely, friendly and efficient manner. Serves guests beverages, breads and butter to begin their…",https://www.indeed.com//rc/clk?jk=dd0d55f522624a7f&fccid=6f47211b0637a52d&vjs=3
54,NY14072023FRI3010,Sommelier,Part-time,Momofuku Ssäm Bar,$15 an hour,,"New York, NY 10038 (Financial District area)",Today,23-07-14,"Proactively seek opportunities for sales, in line with guests’ preferred experience. Ensure food and beverage arrive to guests quickly and correctly.",https://www.indeed.com//rc/clk?jk=38dff7f60021fdd6&fccid=3efb3218af5f0af0&vjs=3
55,NY14072023FRI3011,Bartender/Server,Full-time,The Kpot Albee Square,,Monday to Friday+7,"Brooklyn, NY 11201",Today,23-07-14,Engage with customers in a friendly and professional manner. Strong attention to detail and accuracy in order taking and cash handling.,https://www.indeed.com//company/The-Kpot-Albee-Square/jobs/Bartender-0296bb365f93f5eb?fccid=4d583474243c0c96&vjs=3
56,NY14072023FRI3012,Bartender,Part-time,Pasta Louise,,Monday to Friday+4,"Brooklyn, NY 11215 (Park Slope area)",Today,23-07-14,"Assist in promoting specials (food AND beverage). Ability to keep the bar organized, stocked and clean. Prepare alcohol and/or non-alcohol beverages for main…",https://www.indeed.com//company/Pasta-Louise/jobs/Bartender-4f1ad34218f34944?fccid=c17ea819b8259bc6&vjs=3
57,NY14072023FRI3013,Food Server (Temporary) - Conrad New York Downtown,,Hilton,Estimated $29.3K - $37.1K a year,Temporary,"New York, NY 10282 (Battery Park area)",Today,23-07-14,"Respond to guest requests in a timely, friendly and efficient manner. Ensure knowledge of menu and restaurant promotions and specials.",https://www.indeed.com//rc/clk?jk=4e4bbd229a103688&fccid=6f47211b0637a52d&vjs=3
58,NY14072023FRI3014,Assistant General Manager (AGM),Full-time,Hawksmoor - NYC new,"$75,000 - $85,000 a year",,"New York, NY 10010 (Gramercy area)",Today,23-07-14,"Identifies staffing, recruiting, interviewing, hiring, and training needs of qualified candidates; Facilitates on-going training and development of current…",https://www.indeed.com//rc/clk?jk=ef676f0f0e57d11a&fccid=2a22b8423e7987cd&vjs=3
59,NY14072023FRI3015,General Manager,Full-time,The Second City,,Weekends as needed+1,"Brooklyn, NY 11249 (Chelsea area)",Today,23-07-14,"The GM will also be responsible for crafting and executing a marketing strategy to drive awareness and deliver on all sales, revenue and brand KPIs with the…",https://www.indeed.com//rc/clk?jk=22f94220244a1a6e&fccid=5c9863d047f9d822&vjs=3
60,NY14072023FRI4001,Bartender/Server/Manager,"Full-time, Part-time",Christmas Karaoke,,Day shift+6,"Bayside, NY 11361",Today,23-07-14,A new position for a shift captain is currently available. We have both English speaking and Korean speaking customers so knowledge of both is a HUGE plus.,https://www.indeed.com//company/Christmas-Karaoke/jobs/Bartender-cbff6ed4fbd24323?fccid=7bed17fa37e211b4&vjs=3
61,NY14072023FRI4002,Prep Cook (Earn up to $880/wk),Full-time,Au Cheval NYC,,Weekends as needed+2,"New York, NY 11203 (East Flatbush area)",Today,23-07-14,"Ofrecemos un conjunto completo de beneficios y ventajas, que incluyen servicios médicos, dentales, oftalmológicos, de vida, 401(k), beneficios de viajero,…",https://www.indeed.com//rc/clk?jk=55479bc2529905b6&fccid=0bcd0070b6db60a7&vjs=3
62,NY14072023FRI4003,Line Cook,Full-time,Bobo,,Weekends as needed+2,"New York, NY 10014 (West Village area)",Today,23-07-14,Proven experience working in a high volume restaurant (NYC experience preferred). Casa Nela offers great benefits for our BOH staff including: Competitive…,https://www.indeed.com//rc/clk?jk=08049478600e8dc8&fccid=b954630c8d947f2f&vjs=3
63,NY14072023FRI4004,Floor Mgr EVS-Stewarding,Full-time,Resorts World New York,,Weekends as needed+1,"Jamaica, NY 11420",Today,23-07-14,"Supervise subordinate EVS/Stewarding professionals, performing activities such as hiring, training, assigning work, evaluating performance, and administers…",https://www.indeed.com//rc/clk?jk=83a395e4bf97671e&fccid=049b568e4984a828&vjs=3
64,NY14072023FRI4005,Bar Manager,Full-time,Noble 33,,Weekends as needed+2,"New York, NY 10014 (West Village area)",Today,23-07-14,"Communicate menu changes, updates, and specials to bar staff as well as management. The Bar Manager reports to the General Manager and is responsible for…",https://www.indeed.com//rc/clk?jk=62b37fb34262e078&fccid=eb98648bcfdfd0ad&vjs=3
65,NY14072023FRI4006,Restaurant Manager (FT),Full-time,KISSAKI HOSPITALITY GROUP,,Day shift+2,"Manhasset, NY",Today,23-07-14,"Design strategy and set goals for growth. We are looking for Restaurant Managers and Assistant Managers to oversee all staff, budgets and operations of the…",https://www.indeed.com//rc/clk?jk=b8218180dadea186&fccid=dd616958bd9ddc12&vjs=3
66,NY14072023FRI4007,Busser / Runner / Service Assistant,Part-time,Levy at USTA Billie Jean King National Tennis...,$12 an hour,,"Corona, NY 11354",Today,23-07-14,"Founded in Chicago 40 years ago as a Delicatessen, Levy now finds itself as a leading presence in the Food, Beverage, and Retail industry across 200 plus…",https://www.indeed.com//rc/clk?jk=65c0e23f274f3649&fccid=25e1ca6aa64d757a&vjs=3
67,NY14072023FRI4008,Cook - 93 Pitt Street,"Full-time, Part-time",BRC,,Monday to Friday,"New York, NY 10003 (East Village area)",Today,23-07-14,"Prepare, serve and clean-up after meals. Responsible for sanitation related to meal preparation. Assist with ordering and inventory.",https://www.indeed.com//rc/clk?jk=51d8cfa128b2efea&fccid=557ffe04699b7ae6&vjs=3
68,NY14072023FRI4009,Back of House Manager,Full-time,Warren Street Hotel,,Monday to Friday+3,"New York, NY 10304 (Stapleton area)",Today,23-07-14,"2+ years relevant experience, in the hospitality or food service industry. Process requisitions and conduct prompt, thorough, inspection of deliveries to make…",https://www.indeed.com//company/Warren-Street-Hotel/jobs/House-Manager-8c7aa7cac6223584?fccid=2ecb18fdc5a5c81e&vjs=3
69,NY14072023FRI4010,General Manager,Full-time,The Halal Guys,,Weekends as needed,"New York, NY 10025 (Upper West Side area)",Today,23-07-14,This includes the team member handbook and shift running. Maintains immaculate cleanliness & perfect organization of all areas of the restaurant.,https://www.indeed.com//rc/clk?jk=0a5c0e7017dabd38&fccid=a0150295c401c40a&vjs=3
70,NY14072023FRI4011,Restaurant General Manager,,Wonder,"$97,125 a year",,"Hoboken, NJ 07030",Today,23-07-14,Promote team member safety inside and outside of the store by consistently communicating the importance of safety and leading by example.,https://www.indeed.com//rc/clk?jk=7d245ae6011f4551&fccid=cffa78ff62df173f&vjs=3
71,NY14072023FRI4012,Server Support,,Outback Steakhouse,Estimated $20K - $25.4K a year,,"Westbury, NY 11590",Today,23-07-14,"As a Server Support, your authentic personality and attention to detail will help create an incredible experience for all our Guests.",https://www.indeed.com//rc/clk?jk=9295caed98a73960&fccid=177d5b76ff20f330&vjs=3
72,NY14072023FRI4013,Sushi Chef,Full-time,Hillstone,$22 - $26 an hour,,"New York, NY 10010 (NoMad area)",Today,23-07-14,Full and part-time opportunities are available.,https://www.indeed.com//rc/clk?jk=e7ec09532314d5c6&fccid=5887affc7d7f3198&vjs=3
73,NY14072023FRI4014,LINECOOK,Full-time,Proper Hospitality Solutions LLC,,Day shift+2,"New York, NY 10018 (Clinton area)",Today,23-07-14,"The Linecook will skillfully execute the menu items to standard and guest preference; complete all necessary mise en place, maintain a clean work area and…",https://www.indeed.com//rc/clk?jk=b5bb0f01a7ee47bd&fccid=f6a190758898f153&vjs=3
74,NY14072023FRI4015,Assistant General Manager (AGM),"Full-time, Part-time",Milton Point Provisions,,Monday to Friday+3,"Rye, NY 10580",Today,23-07-14,"Strengths with guest service, catering, menu planning, building sales, hiring/training and daily execution of safety/sanitation are a must. .",https://www.indeed.com//company/Milton-Point-Provisions/jobs/Assistant-General-Manager-a189a2590e0501b6?fccid=60905082bf25423a&vjs=3
75,TX14072023FRI001,Host,Full-time,Chili's,Estimated $21.2K - $26.8K a year,,"Houston, TX 77007 (Memorial Park area)",Just posted,23-07-14,Flexible part-time or full-time schedule. Communicate Guest concerns to the Manager when appropriate. Answer telephone within three rings and direct calls.,https://www.indeed.com//rc/clk?jk=b4b424b9afee9263&fccid=69887a18edd6f1e2&vjs=3
76,TX14072023FRI002,ON - CALL BANQUET BARTENDER,,Hyatt Regency Baytown,,,"Houston, TX",Just posted,23-07-14,"The right person should be familiar with the latest in mixology, bar equipment, and sanitation standards, with a focus on maintaining an attractive bar.",https://www.indeed.com//rc/clk?jk=d5453261db33c7f8&fccid=9cb7f6c4bf11d61f&vjs=3
77,TX14072023FRI003,Food Service Specialist - IDEA Spears (Immediate Opening),Full-time,IDEA Public Schools,,8 hour shift+1,"Houston, TX 77067",Just posted,23-07-14,"Other responsibilities include but are not limited to: cutting/chopping fruits & vegetables, following recipes, adhering to established kitchen processes,…",https://www.indeed.com//rc/clk?jk=b7af3ea00054a28d&fccid=4c58f1f52a144526&vjs=3
78,TX14072023FRI004,Night Expeditor (Permanent/Full-Time),Full-time,Labatt Food Service,Estimated $34.8K - $44.1K a year,,"Houston, TX 77092 (Greater Inwood area)",Just posted,23-07-14,The Night Expeditor is responsible for pushing flats of product into the trailers to be loaded. The schedule is Sunday-Thursday from 5:00 pm to finish.,https://www.indeed.com//rc/clk?jk=dc812540675fe8bd&fccid=c832a2c24913e0a7&vjs=3
79,TX14072023FRI005,Prepared Foods Cook / Food Production - Full Time,Full-time,Whole Foods Market,Estimated $29.7K - $37.6K a year,,"Houston, TX 77018 (Independence Heights area)",Just posted,23-07-14,"Cooks will also be cross-trained and work throughout various departments, constantly learning about new products and other areas of the store, providing…",https://www.indeed.com//rc/clk?jk=d07b309f6bdafb89&fccid=ea10be8bb95dc939&vjs=3
80,TX14072023FRI006,Server,Full-time,Chili's,,Weekends as needed+1,"Missouri City, TX 77459",Just posted,23-07-14,Flexible part-time or full-time schedule. Provide hospitable and customized service to each of our Guests. Learn our menu to explain offerings to Guests.,https://www.indeed.com//rc/clk?jk=465a8d7b5661f4e1&fccid=69887a18edd6f1e2&vjs=3
81,TX14072023FRI007,QA/Expeditor,Full-time,Chili's,Estimated $24K - $30.4K a year,,"Pearland, TX 77581",Just posted,23-07-14,Communicate effectively with Team Members across the restaurant. Keep food orders continuously flowing from the kitchen. Control the pace of the food orders.,https://www.indeed.com//rc/clk?jk=05198ffacd500c59&fccid=69887a18edd6f1e2&vjs=3
82,TX14072023FRI008,Server,Part-time,Gyu-Kaku Japanese BBQ,,Weekends as needed+2,"Houston, TX 77070 (Willowbrook area)",Just posted,23-07-14,"He or she interacts with guests and staff in a cordial, efficient, and professional manner and helps with seating guests, clearing and setting tables, preparing…",https://www.indeed.com//rc/clk?jk=92173a3789ef92d4&fccid=c2ef93b6ef6f5a95&vjs=3
83,TX14072023FRI009,Server,"Full-time, Part-time",Sushi Masa,,,"Sugar Land, TX 77478",Just posted,23-07-14,"A Server is responsible for serving our guests, and our team with unparalleled hospitality to create unforgettable experiences every day!",https://www.indeed.com//rc/clk?jk=3ddc0982dbfc50e1&fccid=0ba069f7c8df0d73&vjs=3
84,TX14072023FRI010,Host,Part-time,Denny's - 11901 East Freeway,,Weekends as needed+1,"Houston, TX 77029",Just posted,23-07-14,Must be able to work holidays and weekends. Must be 16 or older. Must have a guest first mentality.,https://www.indeed.com//rc/clk?jk=a8f257d106e57036&fccid=dd616958bd9ddc12&vjs=3
85,TX14072023FRI011,Server,"Full-time, Part-time",Denny's - 11901 East Freeway,,Weekends as needed+1,"Houston, TX 77029",Just posted,23-07-14,"Helping to keep our restaurants clean, completing side work, and organizing supplies as needed. Taking orders and delivering great food. Must be 16 or older.",https://www.indeed.com//rc/clk?jk=fd927f04ebde2d49&fccid=dd616958bd9ddc12&vjs=3
86,TX14072023FRI012,Dishwasher,"Full-time, Part-time",Quotes Willowbrook Mall,$14 - $16 an hour,,"Houston, TX 77070",Just posted,23-07-14,"Picture this: free drinks while you work, a 50% discount on meals during your shift, a free meal if you work a double, and even a 15% discount on meals on your…",https://www.indeed.com//rc/clk?jk=d739c53b16c014a8&fccid=40452e78002aaabe&vjs=3
87,TX14072023FRI013,Server,"Full-time, Part-time",Denny's - 11320 North Freeway,,Weekends as needed+1,"Houston, TX 77037 (North area)",Just posted,23-07-14,"Helping to keep our restaurants clean, completing side work, and organizing supplies as needed. Taking orders and delivering great food. Must be 16 or older.",https://www.indeed.com//rc/clk?jk=f6098614f2222e70&fccid=dd616958bd9ddc12&vjs=3
88,TX14072023FRI014,Host,Part-time,Denny's - 11320 North Freeway,,Weekends as needed+1,"Houston, TX 77037 (North area)",Just posted,23-07-14,Must be able to work holidays and weekends. Must be 16 or older. Must have a guest first mentality.,https://www.indeed.com//rc/clk?jk=c5900018d4863935&fccid=dd616958bd9ddc12&vjs=3
89,TX14072023FRI015,Lead Host,Full-time,Quotes Willowbrook Mall,$15 - $17 an hour,,"Houston, TX 77070",Just posted,23-07-14,"You'll guide them to their tables with grace, ensuring they feel like VIPs from the moment they step through the door. 2+ years of hosting experience.",https://www.indeed.com//rc/clk?jk=84c602f1820d2a5c&fccid=40452e78002aaabe&vjs=3
90,TX14072023FRI1001,Busser,Full-time,Cyclone Anaya's Mexican Kitchen,Estimated $21.5K - $27.2K a year,,"Houston, TX 77057 (Uptown area)",Just posted,23-07-14,No previous restaurant experience required. Serve guests chips and hot sauce and provide refills of water as needed. Promptly greet guests as they are seated.,https://www.indeed.com//rc/clk?jk=0b6504d4b29fd583&fccid=6c2f2ad6b29d81df&vjs=3
91,TX14072023FRI1002,Server,"Full-time, Part-time",Denny's - Stuebner Airline Road,,Weekends as needed+1,"Houston, TX 77088 (Northwest area)",Just posted,23-07-14,"Prior experience in one of the following roles/brands is highly desirable: server, servers, waiter, waiters, wait staff, runner, restaurant crew member,…",https://www.indeed.com//rc/clk?jk=dbe1b24a8b58bc2b&fccid=dd616958bd9ddc12&vjs=3
92,TX14072023FRI1003,Server,"Full-time, Part-time",Denny's - Westheimer Road,,Weekends as needed+1,"Houston, TX 77077",Just posted,23-07-14,"Prior experience in one of the following roles/brands is highly desirable: server, servers, waiter, waiters, wait staff, runner, restaurant crew member,…",https://www.indeed.com//rc/clk?jk=59cf981e043f9bf5&fccid=dd616958bd9ddc12&vjs=3
93,TX14072023FRI1004,Host,Part-time,Denny's - 6131 Highway 6 S,,Weekends as needed+1,"Missouri City, TX 77459",Just posted,23-07-14,"A Denny’s Host or Hostess has a “Guests First"" attitude, engaging in friendly conversation with guests as you perform duties. Must be 16 or older.",https://www.indeed.com//rc/clk?jk=9104d73f96907429&fccid=dd616958bd9ddc12&vjs=3
94,TX14072023FRI1005,Host/Hostess,Part-time,Gyu-Kaku Japanese BBQ,,Weekends as needed+2,"Houston, TX 77070 (Willowbrook area)",Just posted,23-07-14,"Helpful attitude and friendly demeanor. He or she interacts with guests and staff in a cordial, efficient, and professional manner and helps with preparing to…",https://www.indeed.com//rc/clk?jk=9a6e26a887804a0f&fccid=c2ef93b6ef6f5a95&vjs=3
95,TX14072023FRI1006,Host,Part-time,Denny's - W. Pasadena Fwy,,Weekends as needed+1,"Pasadena, TX 77506",Just posted,23-07-14,"A Denny’s Host or Hostess has a “Guests First"" attitude, engaging in friendly conversation with guests as you perform duties. Must be 16 or older.",https://www.indeed.com//rc/clk?jk=31a527eadc5b1023&fccid=dd616958bd9ddc12&vjs=3
96,TX14072023FRI1007,Host,Part-time,Denny's - Westheimer Road,,Weekends as needed+1,"Houston, TX 77077",Just posted,23-07-14,"A Denny’s Host or Hostess has a “Guests First"" attitude, engaging in friendly conversation with guests as you perform duties. Must be 16 or older.",https://www.indeed.com//rc/clk?jk=bcc00ac3cafbde0f&fccid=dd616958bd9ddc12&vjs=3
97,TX14072023FRI1008,Server,"Full-time, Part-time",Denny's - 6131 Highway 6 S,,Weekends as needed+1,"Missouri City, TX 77459",Just posted,23-07-14,"Prior experience in one of the following roles/brands is highly desirable: server, servers, waiter, waiters, wait staff, runner, restaurant crew member,…",https://www.indeed.com//rc/clk?jk=81be6634db19ba97&fccid=dd616958bd9ddc12&vjs=3
98,TX14072023FRI1009,Server,"Full-time, Part-time",Denny's - W. Pasadena Fwy,,Weekends as needed+1,"Pasadena, TX 77506",Just posted,23-07-14,"Prior experience in one of the following roles/brands is highly desirable: server, servers, waiter, waiters, wait staff, runner, restaurant crew member,…",https://www.indeed.com//rc/clk?jk=5114425a2fc5478e&fccid=dd616958bd9ddc12&vjs=3
99,TX14072023FRI1010,Casual Dining Server,"Full-time, Part-time",TGI Friday's,,Day shift+1,"Humble, TX 77338",Just posted,23-07-14,1 year server experience in a full-service restaurant. No one has a bigger impact on the guest’s than you. You know the menu and bring fun to every table!,https://www.indeed.com//rc/clk?jk=31b7c78faabaed97&fccid=458b1d07e29f4a04&vjs=3
100,TX14072023FRI1011,Server,"Full-time, Part-time",Denny's - NW Freeway,,Weekends as needed+1,"Houston, TX 77040",Just posted,23-07-14,"Prior experience in one of the following roles/brands is highly desirable: server, servers, waiter, waiters, wait staff, runner, restaurant crew member,…",https://www.indeed.com//rc/clk?jk=125c7c17bbb12b55&fccid=dd616958bd9ddc12&vjs=3
101,TX14072023FRI1012,Host,Part-time,Denny's - NW Freeway,,Weekends as needed+1,"Houston, TX 77040",Just posted,23-07-14,"A Denny’s Host or Hostess has a “Guests First"" attitude, engaging in friendly conversation with guests as you perform duties. Must be 16 or older.",https://www.indeed.com//rc/clk?jk=bc3895df4dcc3e6d&fccid=dd616958bd9ddc12&vjs=3
102,TX14072023FRI1013,Server,"Full-time, Part-time",Denny's - 19450 Hwy 59,,Weekends as needed+1,"Humble, TX 77338",Just posted,23-07-14,"Prior experience in one of the following roles/brands is highly desirable: server, servers, waiter, waiters, wait staff, runner, restaurant crew member,…",https://www.indeed.com//rc/clk?jk=ef45f2feb8fe5c93&fccid=dd616958bd9ddc12&vjs=3
103,TX14072023FRI1014,Host,Part-time,Denny's - 19450 Hwy 59,,Weekends as needed+1,"Humble, TX 77338",Just posted,23-07-14,"A Denny’s Host or Hostess has a “Guests First"" attitude, engaging in friendly conversation with guests as you perform duties. Must be 16 or older.",https://www.indeed.com//rc/clk?jk=563a9c9579ca9f1a&fccid=dd616958bd9ddc12&vjs=3
104,TX14072023FRI1015,Lead Line cook,Full-time,Salted,$18 - $19 an hour,,"Houston, TX 77004 (Macgregor area)",Just posted,23-07-14,"Come join the largest delivery-first restaurant group in the United States! Take ownership of the opening, closing, and shift hand-off process.",https://www.indeed.com//rc/clk?jk=3a92318e5fa23e1f&fccid=0ff49c2ffee6174a&vjs=3
105,TX14072023FRI2001,Restaurant Manager,Full-time,Sushi Masa,"From $45,000 a year",,"Sugar Land, TX 77478",Just posted,23-07-14,Maintaining operational excellence so our restaurant is running efficiently and effectively. Familiarity with restaurant management software.,https://www.indeed.com//rc/clk?jk=37aa9f183eef6002&fccid=0ba069f7c8df0d73&vjs=3
106,TX14072023FRI2002,Casual Dining Host,"Full-time, Part-time",TGI Friday's,Estimated $23.4K - $29.7K a year,,"Humble, TX 77338",Just posted,23-07-14,"Manages the flow of guests into the dining and bar areas, provides accurate wait times to incoming guests if appropriate. Must invite guests back for more fun!",https://www.indeed.com//rc/clk?jk=17c4ef248b5af597&fccid=458b1d07e29f4a04&vjs=3
107,TX14072023FRI2003,Line Cook,"Full-time, Part-time",TGI Friday's,$16 - $18 an hour,,"Houston, TX 77034 (South Belt - Ellington area)",Just posted,23-07-14,Keeps immediate supervisor promptly and fully informed of all problems or unusual matters of significance and takes prompt corrective action where necessary or…,https://www.indeed.com//rc/clk?jk=89e0ce2b293fdf3d&fccid=458b1d07e29f4a04&vjs=3
108,TX14072023FRI2004,Server,"Full-time, Part-time",Denny's - 15919 North Freeway,,Weekends as needed+1,"Houston, TX 77090",Just posted,23-07-14,"Helping to keep our restaurants clean, completing side work, and organizing supplies as needed. Taking orders and delivering great food. Must be 16 or older.",https://www.indeed.com//rc/clk?jk=2ebd2f4f15b237b7&fccid=dd616958bd9ddc12&vjs=3
109,TX14072023FRI2005,Server,"Full-time, Part-time",Denny's - Eastex Frwy,,Weekends as needed+1,"Kingwood, TX 77339 (Far Northeast area)",Just posted,23-07-14,"Helping to keep our restaurants clean, completing side work, and organizing supplies as needed. Taking orders and delivering great food. Must be 16 or older.",https://www.indeed.com//rc/clk?jk=1c4ff36badb03473&fccid=dd616958bd9ddc12&vjs=3
110,TX14072023FRI2006,Restaurant Floor Manager,Full-time,Quotes Willowbrook Mall,$17 - $21 an hour,,"Houston, TX 77070",Just posted,23-07-14,"From supervising the waitstaff and ensuring timely order deliveries to addressing guest concerns, you'll be the driving force behind our impeccable service and…",https://www.indeed.com//rc/clk?jk=58eda2f7d9757a98&fccid=40452e78002aaabe&vjs=3
111,TX14072023FRI2007,Prep Cook,Full-time,Cyclone Anaya's Mexican Kitchen,Estimated $23.6K - $29.9K a year,,"Houston, TX 77057 (Uptown area)",Just posted,23-07-14,"Closes the kitchen properly and follows the closing checklist for kitchen stations. Prepares a variety of meats, seafood, poultry, vegetables and other food…",https://www.indeed.com//rc/clk?jk=3a56e9c26f3a560a&fccid=6c2f2ad6b29d81df&vjs=3
112,TX14072023FRI2008,Cook,Part-time,Gyu-Kaku Japanese BBQ,,Weekends as needed+2,"Houston, TX 77079 (Memorial area)",Just posted,23-07-14,"The Cook prepares meals by chopping vegetables, slicing meats, making salads, and cooking / assembling appetizers & entrees.",https://www.indeed.com//rc/clk?jk=b1f9372fbe3000a9&fccid=c2ef93b6ef6f5a95&vjs=3
113,TX14072023FRI2009,Line Cook,Full-time,Sage Hospitality,Estimated $28.6K - $36.2K a year,,"Houston, TX 77002 (Downtown area)",Just posted,23-07-14,"Monitor the equipment maintenance and kitchen ""clean as you go"" policy to ensure strict adherence. Knowledge of cooking and the practices and procedures of a…",https://www.indeed.com//rc/clk?jk=8d9e6bc4e8307e34&fccid=0909330e325c261b&vjs=3
114,TX14072023FRI2010,Kitchen Exhaust Cleaning Technician,Part-time,Fight Kitchen Fires Ltd Co,$16 - $28 an hour,,"Humble, TX",Just posted,23-07-14,"With expert guidance and a team environment, Fight Kitchen Fires Ltd Co ensures that customers and employees are taken care of and successful in their endeavors…",https://www.indeed.com//rc/clk?jk=b8484529ebc75d1a&fccid=1b4bcc70a8c14b9a&vjs=3
115,TX14072023FRI2011,Host,Part-time,Denny's - Eastex Frwy,,Weekends as needed+1,"Kingwood, TX 77339 (Far Northeast area)",Just posted,23-07-14,Must be able to work holidays and weekends. Must be 16 or older. Must have a guest first mentality.,https://www.indeed.com//rc/clk?jk=7a35316cc088c06d&fccid=dd616958bd9ddc12&vjs=3
116,TX14072023FRI2012,Server,"Full-time, Part-time",Denny's - 1876 East Freeway,,Weekends as needed+1,"Baytown, TX 77521",Just posted,23-07-14,"Helping to keep our restaurants clean, completing side work, and organizing supplies as needed. Taking orders and delivering great food. Must be 16 or older.",https://www.indeed.com//rc/clk?jk=9d293d858c652f86&fccid=dd616958bd9ddc12&vjs=3
117,TX14072023FRI2013,Host,Part-time,Denny's - 1876 East Freeway,,Weekends as needed+1,"Baytown, TX 77521",Just posted,23-07-14,Must be able to work holidays and weekends. Must be 16 or older. Must have a guest first mentality.,https://www.indeed.com//rc/clk?jk=f72a004311049d32&fccid=dd616958bd9ddc12&vjs=3
118,TX14072023FRI2014,Service Assistant,Part-time,la Madeleine,Estimated $21.4K - $27.1K a year,,"Webster, TX 77598",Just posted,23-07-14,"This includes, but is not limited to, the interior and exterior dining areas, coffee stations, restrooms, dumpster area, parking lot, and dish room.",https://www.indeed.com//rc/clk?jk=c794dda62fae27d5&fccid=090236cbce806f37&vjs=3
119,TX14072023FRI2015,Server,"Full-time, Part-time",Denny's - Bay Area Blvd.,,Weekends as needed+1,"Houston, TX 77058 (Pasadena area)",Just posted,23-07-14,"Helping to keep our restaurants clean, completing side work, and organizing supplies as needed. Taking orders and delivering great food. Must be 16 or older.",https://www.indeed.com//rc/clk?jk=ac418efaa7c6642b&fccid=dd616958bd9ddc12&vjs=3
120,TX14072023FRI3001,Dishwasher / Server Assistant,Part-time,Denny's - W. Pasadena Fwy,,Weekends as needed+1,"Pasadena, TX 77506",Just posted,23-07-14,Bussing and cleaning guests’ tables. Dishwasher / Server Assistant is generally offered a part time restaurant job. Operating and maintaining the dish room.,https://www.indeed.com//rc/clk?jk=8d71d97d1b0a7423&fccid=dd616958bd9ddc12&vjs=3
121,TX14072023FRI3002,Dishwasher / Server Assistant,Part-time,Denny's - 11320 North Freeway,,Weekends as needed+1,"Houston, TX 77037 (North area)",Just posted,23-07-14,Bussing and cleaning guests’ tables. Dishwasher / Server Assistant is generally offered a part time restaurant job. Operating and maintaining the dish room.,https://www.indeed.com//rc/clk?jk=3cfe1de0ca708a90&fccid=dd616958bd9ddc12&vjs=3
122,TX14072023FRI3003,Cook / Chef,"Full-time, Part-time",Denny's - 11901 East Freeway,Estimated $31.7K - $40.1K a year,,"Houston, TX 77029",Just posted,23-07-14,Honors guests’ requests for special orders. Cook is generally offered as full time or part time restaurant job.,https://www.indeed.com//rc/clk?jk=b108e32f450ec5dd&fccid=dd616958bd9ddc12&vjs=3
123,TX14072023FRI3004,Dishwasher / Server Assistant,Part-time,Denny's - 6131 Highway 6 S,,Weekends as needed+1,"Missouri City, TX 77459",Just posted,23-07-14,Bussing and cleaning guests’ tables. Dishwasher / Server Assistant is generally offered a part time restaurant job. Operating and maintaining the dish room.,https://www.indeed.com//rc/clk?jk=f672ee6c20239ad9&fccid=dd616958bd9ddc12&vjs=3
124,TX14072023FRI3005,Dishwasher / Server Assistant,Part-time,Denny's - 19450 Hwy 59,,Weekends as needed+1,"Humble, TX 77338",Just posted,23-07-14,Bussing and cleaning guests’ tables. Dishwasher / Server Assistant is generally offered a part time restaurant job. Operating and maintaining the dish room.,https://www.indeed.com//rc/clk?jk=f85ce9c4733bd129&fccid=dd616958bd9ddc12&vjs=3
125,TX14072023FRI3006,Cook / Chef,"Full-time, Part-time",Denny's - 11320 North Freeway,Estimated $31.7K - $40.1K a year,,"Houston, TX 77037 (North area)",Just posted,23-07-14,Honors guests’ requests for special orders. Cook is generally offered as full time or part time restaurant job.,https://www.indeed.com//rc/clk?jk=0ee8df4b0ba82d3e&fccid=dd616958bd9ddc12&vjs=3
126,TX14072023FRI3007,Dishwasher / Server Assistant,Part-time,Denny's - Westheimer Road,,Weekends as needed+1,"Houston, TX 77077",Just posted,23-07-14,Bussing and cleaning guests’ tables. Dishwasher / Server Assistant is generally offered a part time restaurant job. Operating and maintaining the dish room.,https://www.indeed.com//rc/clk?jk=08eed3cdc454750d&fccid=dd616958bd9ddc12&vjs=3
127,TX14072023FRI3008,Dishwasher / Server Assistant,Part-time,Denny's - NW Freeway,,Weekends as needed+1,"Houston, TX 77040",Just posted,23-07-14,Bussing and cleaning guests’ tables. Dishwasher / Server Assistant is generally offered a part time restaurant job. Operating and maintaining the dish room.,https://www.indeed.com//rc/clk?jk=e68ab2556ad79887&fccid=dd616958bd9ddc12&vjs=3
128,TX14072023FRI3009,Cook / Chef,"Full-time, Part-time",Denny's - W. Pasadena Fwy,Estimated $30.2K - $38.2K a year,,"Pasadena, TX 77506",Just posted,23-07-14,Honors guests’ requests for special orders. Cook is generally offered as full time or part time restaurant job.,https://www.indeed.com//rc/clk?jk=547d62e3c5d4e43d&fccid=dd616958bd9ddc12&vjs=3
129,TX14072023FRI3010,Cook / Chef,"Full-time, Part-time",Denny's - Westheimer Road,Estimated $31.7K - $40.1K a year,,"Houston, TX 77077",Just posted,23-07-14,Honors guests’ requests for special orders. Cook is generally offered as full time or part time restaurant job.,https://www.indeed.com//rc/clk?jk=a38a8bda3b5a8c60&fccid=dd616958bd9ddc12&vjs=3
130,TX14072023FRI3011,Cook / Chef,"Full-time, Part-time",Denny's - NW Freeway,Estimated $31.7K - $40.1K a year,,"Houston, TX 77040",Just posted,23-07-14,Honors guests’ requests for special orders. Cook is generally offered as full time or part time restaurant job.,https://www.indeed.com//rc/clk?jk=51632c55ab0e9c6f&fccid=dd616958bd9ddc12&vjs=3
131,TX14072023FRI3012,Cook / Chef,"Full-time, Part-time",Denny's - 19450 Hwy 59,Estimated $30.2K - $38.2K a year,,"Humble, TX 77338",Just posted,23-07-14,Honors guests’ requests for special orders. Cook is generally offered as full time or part time restaurant job.,https://www.indeed.com//rc/clk?jk=b1c6793a705e3539&fccid=dd616958bd9ddc12&vjs=3
132,TX14072023FRI3013,Dishwasher / Server Assistant,Part-time,Denny's - 15919 North Freeway,,Weekends as needed+1,"Houston, TX 77090",Just posted,23-07-14,Bussing and cleaning guests’ tables. Dishwasher / Server Assistant is generally offered a part time restaurant job. Operating and maintaining the dish room.,https://www.indeed.com//rc/clk?jk=29564ee06b8e9a4a&fccid=dd616958bd9ddc12&vjs=3
133,TX14072023FRI3014,Cook / Chef,"Full-time, Part-time",Denny's - Eastex Frwy,Estimated $30.2K - $38.2K a year,,"Kingwood, TX 77339 (Far Northeast area)",Just posted,23-07-14,Honors guests’ requests for special orders. Cook is generally offered as full time or part time restaurant job.,https://www.indeed.com//rc/clk?jk=2b2427b3f1358765&fccid=dd616958bd9ddc12&vjs=3
134,TX14072023FRI3015,Cook / Chef,"Full-time, Part-time",Denny's - 15919 North Freeway,Estimated $31.7K - $40.1K a year,,"Houston, TX 77090",Just posted,23-07-14,Honors guests’ requests for special orders. Cook is generally offered as full time or part time restaurant job.,https://www.indeed.com//rc/clk?jk=ffeb2af4df08df89&fccid=dd616958bd9ddc12&vjs=3
135,TX14072023FRI4001,Dishwasher / Server Assistant,Part-time,Denny's - Eastex Frwy,,Weekends as needed+1,"Kingwood, TX 77339 (Far Northeast area)",Just posted,23-07-14,Bussing and cleaning guests’ tables. Dishwasher / Server Assistant is generally offered a part time restaurant job. Operating and maintaining the dish room.,https://www.indeed.com//rc/clk?jk=2e70d45a7264f7bc&fccid=dd616958bd9ddc12&vjs=3
136,TX14072023FRI4002,Cook / Chef,"Full-time, Part-time",Denny's - 6131 Highway 6 S,Estimated $30.2K - $38.2K a year,,"Missouri City, TX 77459",Just posted,23-07-14,Honors guests’ requests for special orders. Cook is generally offered as full time or part time restaurant job.,https://www.indeed.com//rc/clk?jk=037e1a2205aef92c&fccid=dd616958bd9ddc12&vjs=3
137,TX14072023FRI4003,Dishwasher / Server Assistant,Part-time,Denny's - 1876 East Freeway,,Weekends as needed+1,"Baytown, TX 77521",Just posted,23-07-14,Bussing and cleaning guests’ tables. Dishwasher / Server Assistant is generally offered a part time restaurant job. Operating and maintaining the dish room.,https://www.indeed.com//rc/clk?jk=efe25b11827d0948&fccid=dd616958bd9ddc12&vjs=3
138,TX14072023FRI4004,Cook / Chef,"Full-time, Part-time",Denny's - 1876 East Freeway,Estimated $30.2K - $38.2K a year,,"Baytown, TX 77521",Just posted,23-07-14,Honors guests’ requests for special orders. Cook is generally offered as full time or part time restaurant job.,https://www.indeed.com//rc/clk?jk=52e1392c5c7c1e13&fccid=dd616958bd9ddc12&vjs=3
139,TX14072023FRI4005,Shift Supervisor,"Full-time, Part-time",Red Robin,,Weekends as needed+1,"Houston, TX 77024 (Spring Branch area)",Today,23-07-14,"Since we are always striving to be better, support the achievement of sales by ensuring guest satisfaction and prompt problem resolution to meet our guests…",https://www.indeed.com//rc/clk?jk=6c0d95defcec751f&fccid=34b5679ccc902715&vjs=3
140,TX14072023FRI4006,Hostess (Full Time) - InterContinental Houston,Full-time,InterContinental,,Weekends as needed+1,"Houston, TX 77030 (Medical Center area)",Today,23-07-14,"Greet guests in a prompt and courteous manner; seat guests ensuring a balanced workload among servers. As a Restaurant Host/Hostess, you’ll provide a delightful…",https://www.indeed.com//rc/clk?jk=a6d69d6d8237f601&fccid=f4d2651abe93eab7&vjs=3
141,TX14072023FRI4007,Bartender (Full Time) - InterContinental Houston,Full-time,InterContinental,,Weekends as needed+1,"Houston, TX",Today,23-07-14,"Prepare and serve drinks to high standards, and highlight promotions to guests. Look after your bar – keep it clean and tidy and make sure the alcohol is always…",https://www.indeed.com//rc/clk?jk=d67e32e0caa2d51f&fccid=f4d2651abe93eab7&vjs=3
142,TX14072023FRI4008,Cook,Full-time,Baylor St Luke's Medical Center,$11.33 - $15.09 an hour,,"Houston, TX 77030 (Medical Center area)",Today,23-07-14,"If not currently certified, certification to be obtained within 30 days of hire. Prepares and serves food within guidelines of menu and dietary requirements,…",https://www.indeed.com//rc/clk?jk=147ed48af1920eca&fccid=6f02e2bd009c2fb8&vjs=3
143,TX14072023FRI4009,DISHWASHER (FULL & PART TIME),"Full-time, Part-time",Chartwells Higher Education,$11 an hour,,"Houston, TX 77204 (Third Ward area)",Today,23-07-14,"We are hiring immediately for full and part-time DISHWASHER positions. Summary: Maintains dishes, pots, pans, trays, kitchen, work areas, equipment and utensils…",https://www.indeed.com//rc/clk?jk=8875bb4dd0b94ca6&fccid=15e1104d96328945&vjs=3
144,TX14072023FRI4010,Food Runner,"Full-time, Part-time",Chili's,,Weekends as needed+1,"Jacinto City, TX 77029",Today,23-07-14,"Improve the Guest experience by interacting, connecting, and ensuring needs are met. Flexible part-time or full-time schedule.",https://www.indeed.com//rc/clk?jk=9bceea7354ec76df&fccid=69887a18edd6f1e2&vjs=3
145,TX14072023FRI4011,General Manager,,"Checkers Drive-In Restaurants, Inc.",,,"Houston, TX",Today,23-07-14,Determining staffing needs and hiring the right candidates for the right position. As a member of the Corporate Field Operations team you will be responsible…,https://www.indeed.com//rc/clk?jk=05e5fadd9df18189&fccid=e3c3bba0fe718306&vjs=3
146,TX14072023FRI4012,CATERING EXECUTIVE CHEF,Full-time,Chartwells Higher Education,,,"Houston, TX 77204 (Rice Military area)",Today,23-07-14,"Experienced with computers; to include Microsoft Office (Word, Excel and Power Point), Outlook, E-mail and the Internet. Extensive catering experience a plus.",https://www.indeed.com//rc/clk?jk=f20298a22ce09dc3&fccid=15e1104d96328945&vjs=3
147,TX14072023FRI4013,Busser - Lower Heights,"Full-time, Part-time",First Watch,,No nights,"Houston, TX 77007 (Memorial Park area)",Today,23-07-14,This restaurant front of house job for bus boy / bus girl will focus on bussing tables / cleaning tables and working with guests.,https://www.indeed.com//rc/clk?jk=1eb727dd6d5e06a0&fccid=94f7d1070a3620e5&vjs=3
148,TX14072023FRI4014,Server,"Full-time, Part-time",First Watch,,No nights,"Baytown, TX 77521",Today,23-07-14,Mesero / Mesera roles also must interact with co-workers in a friendly and thoughtful manner in addition to other Waiters / Waitresses.,https://www.indeed.com//rc/clk?jk=781c955ca88a8269&fccid=94f7d1070a3620e5&vjs=3
149,TX14072023FRI4015,"CHEF, SOUS - HOURLY (FULL-TIME)",Full-time,Eurest,,Monday to Friday,"Spring, TX 77389",Today,23-07-14,"We are hiring immediately for a full-time CHEF, SOUS - HOURLY position. Interacts with customers to resolve complaints in a friendly, service-oriented manner.",https://www.indeed.com//rc/clk?jk=4b3d5dba2b045caf&fccid=faa81ef5b09b5471&vjs=3
